Matrix Size,Run,Time Taken (s)
16,0,0.000005731
16,1,0.000005606
16,2,0.000005629
16,3,0.000005620
16,4,0.000005648
16,5,0.000005633
16,6,0.000005599
16,7,0.000005618
16,8,0.000005620
16,9,0.000005621
