Matrix Size,Run,Time Taken (s)
4,0,0.000000225
4,1,0.000000126
4,2,0.000000106
4,3,0.000000133
4,4,0.000000107
4,5,0.000000107
4,6,0.000000105
4,7,0.000000105
4,8,0.000000104
4,9,0.000000111
