Matrix Size,Run,Time Taken (s)
2048,0,100.095243906
2048,1,101.903528806
2048,2,95.958509258
2048,3,102.891052598
2048,4,102.283316682
2048,5,95.341050414
2048,6,99.792756880
2048,7,102.411921967
2048,8,102.174087298
2048,9,99.798939887
