Matrix Size,Run,Time Taken (s)
64,0,0.000386354
64,1,0.000358121
64,2,0.000387215
64,3,0.000387738
64,4,0.000358959
64,5,0.000386657
64,6,0.000373300
64,7,0.000386518
64,8,0.000357871
64,9,0.000387098
