Matrix Size,Run,Time Taken (s)
256,0,0.024605471
256,1,0.024689910
256,2,0.024628395
256,3,0.024687091
256,4,0.024826113
256,5,0.024751951
256,6,0.024721354
256,7,0.024705303
256,8,0.024674485
256,9,0.024652827
