Matrix Size,Run,Time Taken (s)
128,0,0.003064169
128,1,0.003250133
128,2,0.003250065
128,3,0.003170837
128,4,0.003139287
128,5,0.003243856
128,6,0.003246626
128,7,0.003239460
128,8,0.003242301
128,9,0.003246575
