Matrix Size,Run,Time Taken (s)
2,0,0.000000132
2,1,0.000000032
2,2,0.000000033
2,3,0.000000026
2,4,0.000000031
2,5,0.000000025
2,6,0.000000025
2,7,0.000000027
2,8,0.000000026
2,9,0.000000025
