Matrix Size,Run,Time Taken (s)
64,0,0.000362147
64,1,0.000389306
64,2,0.000384982
64,3,0.000386734
64,4,0.000386348
64,5,0.000387492
64,6,0.000357067
64,7,0.000387514
64,8,0.000387117
64,9,0.000357550
