Matrix Size,Run,Time Taken (s)
4096,0,921.563722084
4096,1,922.033816142
4096,2,922.389758837
4096,3,922.482255508
4096,4,923.197069703
4096,5,922.617568163
4096,6,922.623238397
4096,7,922.362535624
4096,8,922.101463692
4096,9,930.029420299
