Matrix Size,Run,Time Taken (s)
8,0,0.000000838
8,1,0.000000713
8,2,0.000000704
8,3,0.000000713
8,4,0.000000690
8,5,0.000000691
8,6,0.000000703
8,7,0.000000696
8,8,0.000000703
8,9,0.000000700
