Matrix Size,Run,Time Taken (s)
32,0,0.000051130
32,1,0.000046728
32,2,0.000046550
32,3,0.000046492
32,4,0.000046567
32,5,0.000046637
32,6,0.000046606
32,7,0.000046632
32,8,0.000046580
32,9,0.000046595
