Matrix Size,Run,Time Taken (s)
1024,0,3.422454307
1024,1,2.917741231
1024,2,2.835095247
1024,3,2.876595279
1024,4,2.782842356
1024,5,3.120722651
1024,6,2.877293133
1024,7,2.295517659
1024,8,2.261775168
1024,9,2.275769125
