Matrix Size,Run,Time Taken (s)
512,0,0.232847784
512,1,0.226438024
512,2,0.227129481
512,3,0.224578453
512,4,0.225893126
512,5,0.232513140
512,6,0.228226807
512,7,0.227015522
512,8,0.225727996
512,9,0.226058974
