Matrix Size,Run,Time Taken (s)
16,0,0.000001217
16,1,0.000001182
16,2,0.000001184
16,3,0.000001177
16,4,0.000001164
16,5,0.000001142
16,6,0.000001445
16,7,0.000001137
16,8,0.000001119
16,9,0.000001039
