Matrix Size,Run,Time Taken (s)
128,0,0.000887098
128,1,0.000873918
128,2,0.000863971
128,3,0.000855090
128,4,0.000862424
128,5,0.000840419
128,6,0.000856662
128,7,0.000856509
128,8,0.000866704
128,9,0.000870716
