Matrix Size,Run,Time Taken (s)
512,0,0.131444950
512,1,0.117545955
512,2,0.132533144
512,3,0.123333729
512,4,0.131188218
512,5,0.132084658
512,6,0.124403685
512,7,0.127966271
512,8,0.128092354
512,9,0.137384513
