Matrix Size,Run,Time Taken (s)
256,0,0.007151525
256,1,0.007348453
256,2,0.007019690
256,3,0.007069328
256,4,0.007162241
256,5,0.007184452
256,6,0.007288538
256,7,0.007233856
256,8,0.007183187
256,9,0.007011877
