Matrix Size,Run,Time Taken (s)
4096,0,776.138795135
4096,1,775.562377495
4096,2,775.269922348
4096,3,776.007091412
4096,4,775.979087365
4096,5,775.882739054
4096,6,778.142818469
4096,7,777.244193853
4096,8,777.519868391
4096,9,775.246488798
