Matrix Size,Run,Time Taken (s)
64,0,0.000095911
64,1,0.000090260
64,2,0.000072740
64,3,0.000072038
64,4,0.000090338
64,5,0.000090326
64,6,0.000072059
64,7,0.000090339
64,8,0.000072041
64,9,0.000090294
