Matrix Size,Run,Time Taken (s)
4,0,0.000000139
4,1,0.000000055
4,2,0.000000033
4,3,0.000000034
4,4,0.000000034
4,5,0.000000035
4,6,0.000000036
4,7,0.000000033
4,8,0.000000034
4,9,0.000000035
