Matrix Size,Run,Time Taken (s)
8,0,0.000000343
8,1,0.000000238
8,2,0.000000184
8,3,0.000000202
8,4,0.000000215
8,5,0.000000186
8,6,0.000000194
8,7,0.000000191
8,8,0.000000211
8,9,0.000000227
