Matrix Size,Run,Time Taken (s)
2048,0,69.866126428
2048,1,86.449351237
2048,2,79.669010407
2048,3,94.912349453
2048,4,84.189763030
2048,5,84.113361631
2048,6,75.730195772
2048,7,77.497002946
2048,8,83.831709043
2048,9,94.865478115
