Matrix Size,Run,Time Taken (s)
128,0,0.000882627
128,1,0.000875274
128,2,0.000854350
128,3,0.000854165
128,4,0.000857469
128,5,0.000854977
128,6,0.000854225
128,7,0.000837608
128,8,0.000856334
128,9,0.000855324
