Matrix Size,Run,Time Taken (s)
32,0,0.000015608
32,1,0.000015569
32,2,0.000012183
32,3,0.000015425
32,4,0.000015576
32,5,0.000009177
32,6,0.000015285
32,7,0.000019869
32,8,0.000009150
32,9,0.000009140
