Matrix Size,Run,Time Taken (s)
1024,0,2.096060375
1024,1,2.474262177
1024,2,2.214126781
1024,3,2.077246797
1024,4,2.114623196
1024,5,2.056246969
1024,6,2.129190771
1024,7,2.090219835
1024,8,2.353439438
1024,9,2.029272180
