Matrix Size,Run,Time Taken (s)
128,0,0.000336340
128,1,0.000275112
128,2,0.000274895
128,3,0.000277193
128,4,0.000276084
128,5,0.000276439
128,6,0.000278015
128,7,0.000279337
128,8,0.000278220
128,9,0.000279392
