Matrix Size,Run,Time Taken (s)
128,0,0.000900248
128,1,0.000890813
128,2,0.000870600
128,3,0.000871500
128,4,0.000873331
128,5,0.000870618
128,6,0.000871135
128,7,0.000873334
128,8,0.000871312
128,9,0.000871211
