Matrix Size,Run,Time Taken (s)
4096,0,771.210170851
4096,1,776.795771665
4096,2,774.424791117
4096,3,774.096029477
4096,4,773.747119352
4096,5,773.039668654
4096,6,773.727047611
4096,7,772.092349103
4096,8,771.872848574
4096,9,773.968642446
