Matrix Size,Run,Time Taken (s)
2048,0,94.138310230
2048,1,98.983354780
2048,2,89.250712622
2048,3,46.107243660
2048,4,92.765687564
2048,5,82.209558086
2048,6,91.494952558
2048,7,39.754797088
2048,8,98.134957546
2048,9,65.312388563
