Matrix Size,Run,Time Taken (s)
4,0,0.000000156
4,1,0.000000053
4,2,0.000000027
4,3,0.000000027
4,4,0.000000027
4,5,0.000000028
4,6,0.000000028
4,7,0.000000027
4,8,0.000000027
4,9,0.000000027
