Matrix Size,Run,Time Taken (s)
32,0,0.000007115
32,1,0.000007033
32,2,0.000007015
32,3,0.000007003
32,4,0.000011371
32,5,0.000007001
32,6,0.000006986
32,7,0.000006999
32,8,0.000007020
32,9,0.000006998
