Matrix Size,Run,Time Taken (s)
64,0,0.000057281
64,1,0.000053171
64,2,0.000053052
64,3,0.000053095
64,4,0.000053108
64,5,0.000053040
64,6,0.000053138
64,7,0.000053108
64,8,0.000054295
64,9,0.000053119
