Matrix Size,Run,Time Taken (s)
128,0,0.000903898
128,1,0.000885175
128,2,0.000866122
128,3,0.000871095
128,4,0.000871260
128,5,0.000846448
128,6,0.000871506
128,7,0.000871255
128,8,0.000872140
128,9,0.000871236
