Matrix Size,Run,Time Taken (s)
256,0,0.006941851
256,1,0.006859924
256,2,0.006865577
256,3,0.006854264
256,4,0.006850358
256,5,0.006850393
256,6,0.006851582
256,7,0.006882046
256,8,0.006880288
256,9,0.006884782
