Matrix Size,Run,Time Taken (s)
8,0,0.000000263
8,1,0.000000202
8,2,0.000000179
8,3,0.000000176
8,4,0.000000174
8,5,0.000000170
8,6,0.000000170
8,7,0.000000173
8,8,0.000000169
8,9,0.000000172
