Matrix Size,Run,Time Taken (s)
16,0,0.000001385
16,1,0.000001010
16,2,0.000001289
16,3,0.000001258
16,4,0.000001267
16,5,0.000001250
16,6,0.000001006
16,7,0.000001005
16,8,0.000001007
16,9,0.000001005
