Matrix Size,Run,Time Taken (s)
1024,0,2.086106968
1024,1,2.378504703
1024,2,2.184781124
1024,3,2.124195316
1024,4,2.330260040
1024,5,2.315113704
1024,6,2.211198897
1024,7,2.146680331
1024,8,2.321996137
1024,9,2.007394053
