Matrix Size,Run,Time Taken (s)
512,0,0.123567189
512,1,0.117834089
512,2,0.126905344
512,3,0.118665474
512,4,0.112679282
512,5,0.112089724
512,6,0.119707893
512,7,0.118656244
512,8,0.124491887
512,9,0.118324920
