Matrix Size,Time Taken (s)
4096,19729.99215946399
4096,19704.141727982962
4096,19755.195884066983
4096,19710.533553292975
4096,19676.401766707015
4096,19674.151636753
4096,19682.400424033985
4096,19686.727224225004
4096,19724.700205398025
4096,19791.639315554
