Matrix Size,Time Taken (s)
32,0.007243191997986287
32,0.007232244010083377
32,0.007190619013272226
32,0.007238372985739261
32,0.0073862110148184
32,0.007362335047218949
32,0.0073380700196139514
32,0.007359990035183728
32,0.00736250402405858
32,0.007350297004450113
