Matrix Size,Time Taken (s)
8192,174652.33037796337
8192,173972.790093561
8192,175031.86575732398
8192,173603.674476523
8192,172734.152266027
8192,172587.598314976
8192,173237.136792464
8192,174884.542474724
8192,174382.53061152602
8192,173972.790093561