Matrix Size,Time Taken (s)
4,1.9414990674704313e-05
4,1.6489997506141663e-05
4,1.649599289521575e-05
4,2.0785024389624596e-05
4,1.652201171964407e-05
4,1.6456993762403727e-05
4,1.6765028703957796e-05
4,1.6328995116055012e-05
4,1.6346981283277273e-05
4,1.6306003089994192e-05
