Matrix Size,Time Taken (s)
512,30.593658327008598
512,30.023277699016035
512,30.76459594705375
512,30.801465196011122
512,29.692573485022876
512,30.033003857999574
512,30.14366650301963
512,30.057361210987438
512,29.4462204730371
512,30.037694395985454
