Matrix Size,Time Taken (s)
2,1.3696029782295227e-05
2,3.638968337327242e-06
2,3.3800024539232254e-06
2,3.137974999845028e-06
2,2.892047632485628e-06
2,2.697983291000128e-06
2,2.6519992388784885e-06
2,2.7269707061350346e-06
2,2.7130008675158024e-06
2,2.6649795472621918e-06
