Matrix Size,Time Taken (s)
2048,2374.7694683799637
2048,2299.5236209409777
2048,2302.926570667012
2048,2368.7303258219617
2048,2354.6157655610004
2048,2340.0587556360406
2048,2385.9441006279667
2048,2388.3441514460137
2048,2330.8048783140257
2048,2367.1557192420005
