Matrix Size,Time Taken (s)
64,0.059322918008547276
64,0.05882297997595742
64,0.05837535299360752
64,0.05903552699601278
64,0.0586251420318149
64,0.05852910497924313
64,0.05824115703580901
64,0.05815848597558215
64,0.058530712965875864
64,0.058802633022423834
