Matrix Size,Time Taken (s)
128,0.4644942870363593
128,0.4700072039850056
128,0.4686704549822025
128,0.4652886569965631
128,0.4657711510080844
128,0.4665348189882934
128,0.4644134020199999
128,0.46457303495844826
128,0.46376660402165726
128,0.46612775698304176
