Matrix Size,Time Taken (s)
1024,248.19009760097833
1024,246.09760317299515
1024,248.6204385960009
1024,252.3242654519854
1024,243.61799534998136
1024,247.27036496100482
1024,250.190188114997
1024,251.692382276
1024,243.49598503299057
1024,247.43763394199777
