Matrix Size,Time Taken (s)
16,0.0009227889822795987
16,0.0009194979793392122
16,0.0009263369720429182
16,0.0009305359562858939
16,0.0009247429552488029
16,0.0009182369685731828
16,0.0009212940349243581
16,0.0009289120207540691
16,0.0009146509692072868
16,0.0009242819505743682
