Matrix Size,Time Taken (s)
8,0.00012203800724819303
8,0.00012524204794317484
8,0.0001194039941765368
8,0.00012123596388846636
8,0.0001216389937326312
8,0.00012115598656237125
8,0.0001209560432471335
8,0.00012019701534882188
8,0.00012281001545488834
8,0.00012053200043737888
