Matrix Size,Time Taken (s)
256,3.713470757007599
256,3.7056898529990576
256,3.7200400649453513
256,3.6213041879818775
256,3.6032452860381454
256,3.6233021870139055
256,3.7141563539626077
256,3.727300420985557
256,3.754039040999487
256,3.7420581070473418
