Matrix Size,Run,Time Taken (s)
64,0,0.000061019
64,1,0.000065345
64,2,0.000061000
64,3,0.000060983
64,4,0.000061002
64,5,0.000061001
64,6,0.000060999
64,7,0.000060993
64,8,0.000062191
64,9,0.000060992
