Matrix Size,Run,Time Taken (s)
2048,0,92.034496419
2048,1,68.023731832
2048,2,77.706354111
2048,3,97.586642768
2048,4,85.905803984
2048,5,80.704024546
2048,6,78.887772600
2048,7,97.825667358
2048,8,50.963758407
2048,9,94.661040785
