Matrix Size,Run,Time Taken (s)
16,0,0.000001021
16,1,0.000000962
16,2,0.000000968
16,3,0.000000958
16,4,0.000000952
16,5,0.000000967
16,6,0.000000958
16,7,0.000000957
16,8,0.000000963
16,9,0.000000978
