Matrix Size,Run,Time Taken (s)
1024,0,2.183526500
1024,1,2.514941443
1024,2,2.349421169
1024,3,2.156342148
1024,4,2.436734112
1024,5,2.178066273
1024,6,2.215247316
1024,7,2.111852244
1024,8,2.251738303
1024,9,1.996193342
