Matrix Size,Run,Time Taken (s)
4096,0,869.853955237
4096,1,870.589917551
4096,2,869.372578062
4096,3,870.454153593
4096,4,870.320565716
4096,5,870.012251982
4096,6,871.564261367
4096,7,871.478673324
4096,8,872.519964723
4096,9,867.591074653
