Matrix Size,Run,Time Taken (s)
128,0,0.000878085
128,1,0.000883081
128,2,0.000861964
128,3,0.000861490
128,4,0.000863611
128,5,0.000861460
128,6,0.000861389
128,7,0.000861439
128,8,0.000864866
128,9,0.000861418
