Matrix Size,Run,Time Taken (s)
256,0,0.006920652
256,1,0.006849099
256,2,0.006804523
256,3,0.006807974
256,4,0.006822065
256,5,0.006797656
256,6,0.006814201
256,7,0.006802643
256,8,0.006828605
256,9,0.006797132
