Matrix Size,Run,Time Taken (s)
128,0,0.000893472
128,1,0.000882075
128,2,0.000863476
128,3,0.000878349
128,4,0.000863301
128,5,0.000863593
128,6,0.000863430
128,7,0.000863229
128,8,0.000865703
128,9,0.000863318
