Matrix Size,Run,Time Taken (s)
32,0,0.000008624
32,1,0.000007342
32,2,0.000007319
32,3,0.000007311
32,4,0.000008609
32,5,0.000008596
32,6,0.000008579
32,7,0.000008613
32,8,0.000008611
32,9,0.000008631
