Matrix Size,Run,Time Taken (s)
512,0,0.127977433
512,1,0.123117654
512,2,0.134063628
512,3,0.137808422
512,4,0.115377333
512,5,0.132198407
512,6,0.134351567
512,7,0.131489408
512,8,0.148771139
512,9,0.122530821
