Matrix Size,Run,Time Taken (s)
8,0,0.000000247
8,1,0.000000211
8,2,0.000000198
8,3,0.000000205
8,4,0.000000193
8,5,0.000000190
8,6,0.000000193
8,7,0.000000188
8,8,0.000000186
8,9,0.000000190
